{
  "Use Non-ASCII Font" : false,
  "Tags" : [

  ],
  "Ansi 12 Color" : {
    "Red Component" : 0.61468899250030518,
    "Color Space" : "Calibrated",
    "Blue Component" : 0.99877572059631348,
    "Alpha Component" : 1,
    "Green Component" : 0.39599207043647766
  },
  "Ansi 0 Color" : {
    "Red Component" : 0.10051589459180832,
    "Color Space" : "Calibrated",
    "Blue Component" : 0.10051459074020386,
    "Alpha Component" : 1,
    "Green Component" : 0.10051288455724716
  },
  "Normal Font" : "FiraCodeNFP-SemBd 11",
  "Bold Color" : {
    "Red Component" : 0.92150187492370605,
    "Color Space" : "Calibrated",
    "Blue Component" : 0.92148995399475098,
    "Alpha Component" : 1,
    "Green Component" : 0.92147433757781982
  },
  "Ansi 1 Color" : {
    "Red Component" : 0.95683503150939941,
    "Color Space" : "Calibrated",
    "Blue Component" : 0.3728577196598053,
    "Alpha Component" : 1,
    "Green Component" : 0
  },
  "Ansi 2 Color" : {
    "Red Component" : 0.59473341703414917,
    "Color Space" : "Calibrated",
    "Blue Component" : 0.14004382491111755,
    "Alpha Component" : 1,
    "Green Component" : 0.87921047210693359
  },
  "Ansi 3 Color" : {
    "Red Component" : 0.99215686321258545,
    "Color Space" : "Calibrated",
    "Blue Component" : 0.12156862765550613,
    "Alpha Component" : 1,
    "Green Component" : 0.59215688705444336
  },
  "Rows" : 25,
  "Default Bookmark" : "No",
  "Cursor Guide Color" : {
    "Red Component" : 0.64999997615814209,
    "Color Space" : "Calibrated",
    "Blue Component" : 1,
    "Alpha Component" : 0.25,
    "Green Component" : 0.9100000262260437
  },
  "Non-ASCII Anti Aliased" : true,
  "Use Bright Bold" : true,
  "Ansi 10 Color" : {
    "Red Component" : 0.59473341703414917,
    "Color Space" : "Calibrated",
    "Blue Component" : 0.14004382491111755,
    "Alpha Component" : 1,
    "Green Component" : 0.87921047210693359
  },
  "Ambiguous Double Width" : false,
  "Jobs to Ignore" : [
    "rlogin",
    "ssh",
    "slogin",
    "telnet"
  ],
  "Ansi 15 Color" : {
    "Red Component" : 0.96537256240844727,
    "Color Space" : "Calibrated",
    "Blue Component" : 0.9359474778175354,
    "Alpha Component" : 1,
    "Green Component" : 0.96549534797668457
  },
  "Foreground Color" : {
    "Red Component" : 0.8493925929069519,
    "Color Space" : "Calibrated",
    "Blue Component" : 0.84938156604766846,
    "Alpha Component" : 1,
    "Green Component" : 0.84936714172363281
  },
  "Bound Hosts" : [

  ],
  "Working Directory" : "\/Users\/operador",
  "Blinking Cursor" : false,
  "Disable Window Resizing" : true,
  "Sync Title" : false,
  "Prompt Before Closing 2" : false,
  "BM Growl" : true,
  "Command" : "",
  "Description" : "Default",
  "Mouse Reporting" : true,
  "Screen" : -1,
  "Selection Color" : {
    "Red Component" : 0.20521381497383118,
    "Color Space" : "Calibrated",
    "Blue Component" : 0.20521116256713867,
    "Alpha Component" : 1,
    "Green Component" : 0.20520767569541931
  },
  "Columns" : 80,
  "Idle Code" : 0,
  "Ansi 13 Color" : {
    "Red Component" : 0.95683503150939941,
    "Color Space" : "Calibrated",
    "Blue Component" : 0.3728577196598053,
    "Alpha Component" : 1,
    "Green Component" : 0
  },
  "Custom Command" : "No",
  "ASCII Anti Aliased" : true,
  "Non Ascii Font" : "Monaco 12",
  "Vertical Spacing" : 1,
  "Use Bold Font" : true,
  "Option Key Sends" : 0,
  "Selected Text Color" : {
    "Red Component" : 1,
    "Color Space" : "Calibrated",
    "Blue Component" : 0.99999129772186279,
    "Alpha Component" : 1,
    "Green Component" : 0.99997437000274658
  },
  "Background Color" : {
    "Red Component" : 0.046698093414306641,
    "Color Space" : "Calibrated",
    "Blue Component" : 0.046697486191987991,
    "Alpha Component" : 1,
    "Green Component" : 0.046696696430444717
  },
  "Character Encoding" : 4,
  "Ansi 11 Color" : {
    "Red Component" : 0.87748134136199951,
    "Color Space" : "Calibrated",
    "Blue Component" : 0.38154411315917969,
    "Alpha Component" : 1,
    "Green Component" : 0.83635991811752319
  },
  "Use Italic Font" : true,
  "Unlimited Scrollback" : false,
  "Keyboard Map" : {
    "0xf707-0x20000-0x0" : {
      "Version" : 0,
      "Action" : 10,
      "Text" : "[1;2S",
      "Label" : ""
    },
    "0x37-0x40000-0x0" : {
      "Version" : 0,
      "Action" : 11,
      "Text" : "0x1f",
      "Label" : ""
    },
    "0xf700-0x240000-0x0" : {
      "Version" : 0,
      "Action" : 10,
      "Text" : "[1;5A",
      "Label" : ""
    },
    "0xf701-0x260000-0x0" : {
      "Version" : 0,
      "Action" : 10,
      "Text" : "[1;6B",
      "Label" : ""
    },
    "0xf729-0x40000-0x0" : {
      "Version" : 0,
      "Action" : 10,
      "Text" : "[1;5H",
      "Label" : ""
    },
    "0xf70c-0x20000-0x0" : {
      "Version" : 0,
      "Action" : 10,
      "Text" : "[20;2~",
      "Label" : ""
    },
    "0xf706-0x20000-0x0" : {
      "Version" : 0,
      "Action" : 10,
      "Text" : "[1;2R",
      "Label" : ""
    },
    "0x32-0x40000-0x0" : {
      "Version" : 0,
      "Action" : 11,
      "Text" : "0x00",
      "Label" : ""
    },
    "0xf703-0x220000-0x0" : {
      "Version" : 0,
      "Action" : 10,
      "Text" : "[1;2C",
      "Label" : ""
    },
    "0xf72b-0x20000-0x0" : {
      "Version" : 0,
      "Action" : 10,
      "Text" : "[1;2F",
      "Label" : ""
    },
    "0x2d-0x40000-0x0" : {
      "Version" : 0,
      "Action" : 11,
      "Text" : "0x1f",
      "Label" : ""
    },
    "0xf700-0x220000-0x0" : {
      "Version" : 0,
      "Action" : 10,
      "Text" : "[1;2A",
      "Label" : ""
    },
    "0xf701-0x240000-0x0" : {
      "Version" : 0,
      "Action" : 10,
      "Text" : "[1;5B",
      "Label" : ""
    },
    "0x34-0x40000-0x0" : {
      "Version" : 0,
      "Action" : 11,
      "Text" : "0x1c",
      "Label" : ""
    },
    "0xf703-0x280000-0x0" : {
      "Version" : 0,
      "Action" : 11,
      "Text" : "0x1b 0x1b 0x5b 0x43",
      "Label" : ""
    },
    "0xf702-0x260000-0x0" : {
      "Version" : 0,
      "Action" : 10,
      "Text" : "[1;6D",
      "Label" : ""
    },
    "0xf700-0x280000-0x0" : {
      "Version" : 0,
      "Action" : 11,
      "Text" : "0x1b 0x1b 0x5b 0x41",
      "Label" : ""
    },
    "0xf70b-0x20000-0x0" : {
      "Version" : 0,
      "Action" : 10,
      "Text" : "[19;2~",
      "Label" : ""
    },
    "0xf705-0x20000-0x0" : {
      "Version" : 0,
      "Action" : 10,
      "Text" : "[1;2Q",
      "Label" : ""
    },
    "0x36-0x40000-0x0" : {
      "Version" : 0,
      "Action" : 11,
      "Text" : "0x1e",
      "Label" : ""
    },
    "0xf70f-0x20000-0x0" : {
      "Version" : 0,
      "Action" : 10,
      "Text" : "[24;2~",
      "Label" : ""
    },
    "0xf729-0x20000-0x0" : {
      "Version" : 0,
      "Action" : 10,
      "Text" : "[1;2H",
      "Label" : ""
    },
    "0x38-0x40000-0x0" : {
      "Version" : 0,
      "Action" : 11,
      "Text" : "0x7f",
      "Label" : ""
    },
    "0xf701-0x220000-0x0" : {
      "Version" : 0,
      "Action" : 10,
      "Text" : "[1;2B",
      "Label" : ""
    },
    "0xf701-0x280000-0x0" : {
      "Version" : 0,
      "Action" : 11,
      "Text" : "0x1b 0x1b 0x5b 0x42",
      "Label" : ""
    },
    "0xf703-0x260000-0x0" : {
      "Version" : 0,
      "Action" : 10,
      "Text" : "[1;6C",
      "Label" : ""
    },
    "0xf704-0x20000-0x0" : {
      "Version" : 0,
      "Action" : 10,
      "Text" : "[1;2P",
      "Label" : ""
    },
    "0xf709-0x20000-0x0" : {
      "Version" : 0,
      "Action" : 10,
      "Text" : "[17;2~",
      "Label" : ""
    },
    "0xf700-0x260000-0x0" : {
      "Version" : 0,
      "Action" : 10,
      "Text" : "[1;6A",
      "Label" : ""
    },
    "0xf70a-0x20000-0x0" : {
      "Version" : 0,
      "Action" : 10,
      "Text" : "[18;2~",
      "Label" : ""
    },
    "0xf702-0x240000-0x0" : {
      "Version" : 0,
      "Action" : 10,
      "Text" : "[1;5D",
      "Label" : ""
    },